Campaign,Negative Keyword,Match Type
Клининг Варшава RU 2025,работа,Phrase
Клининг Варшава RU 2025,вакансия,Phrase
Клининг Варшава RU 2025,вакансии,Phrase
Клининг Варшава RU 2025,резюме,Phrase
Клининг Варшава RU 2025,зарплата,Phrase
Клининг Варшава RU 2025,бесплатно,Phrase
Клининг Варшава RU 2025,своими руками,Phrase
Клининг Варшава RU 2025,самостоятельно,Phrase
Клининг Варшава RU 2025,как убрать,Phrase
Клининг Варшава RU 2025,как помыть,Phrase
Клининг Варшава RU 2025,как почистить,Phrase
Клининг Варшава RU 2025,инструкция,Phrase
Клининг Варшава RU 2025,видео,Phrase
Клининг Варшава RU 2025,обучение,Phrase
Клининг Варшава RU 2025,курсы,Phrase
Клининг Варшава RU 2025,средства для уборки,Phrase
Клининг Варшава RU 2025,купить,Phrase
Клининг Варшава RU 2025,продажа,Phrase
Клининг Варшава RU 2025,аренда,Phrase
Клининг Варшава RU 2025,прокат,Phrase
Клининг Варшава RU 2025,оборудование,Phrase
Клининг Варшава RU 2025,пылесос,Phrase
Клининг Варшава RU 2025,моющий пылесос,Phrase
Клининг Варшава RU 2025,отзывы о,Phrase
Клининг Варшава RU 2025,рейтинг компаний,Phrase
Клининг Варшава RU 2025,сравнение,Phrase
Клининг Варшава RU 2025,дешево,Exact
Клининг Варшава RU 2025,даром,Exact
Клининг Варшава RU 2025,краков,Phrase
Клининг Варшава RU 2025,гданьск,Phrase
Клининг Варшава RU 2025,вроцлав,Phrase
Клининг Варшава RU 2025,познань,Phrase
Клининг Варшава RU 2025,лодзь,Phrase
